Strike,BidVolP,AskVolP,BidVolC,AskVolC,LocalTime
2.05,0.34280680273990005,0.42807717730592915,,,2016-Feb-16 09:30:00.048748
1.95,,,0.3431364588234574,0.3605173778751594,2016-Feb-16 09:30:00.048966
1.95,0.36865039077075984,0.3825549699215667,,,2016-Feb-16 09:30:00.049018
2.25,,,0.4289801821694379,0.5160162789348479,2016-Feb-16 09:30:00.547168
2.05,,,0.3594911750444855,0.3783154324723693,2016-Feb-16 09:30:00.547193
2.0,,,0.36037375194144666,0.3679323514110024,2016-Feb-16 09:30:00.547405
1.95,0.36865039077075984,0.3825549699215667,,,2016-Feb-16 09:30:00.547435
